run_dir,n_rows,mean_jsd,alerts_jsd,mean_delta
testQ1_KS,840,0.09103357957075252,475,2081607148.577807
testQ2_KS,840,0.10419615425455021,556,1957380958.734661
testQ3_KS,840,0.11486560188673575,621,1969059530.5735595
testQB3000,840,0.22852318810677774,0,1563369050.6107864
testQSensbp10,840,0.22852318810677774,0,1587821431.526821
